CO2e kg/km per passenger,
Average local bus,0.102150394630872
Coach,0.0271814013422819