kg CO2e/km,Diesel,Petrol,Hybrid,CNG,LPG,Plug-in Hybrid Electric Vehicle,Battery Electric Vehicle,Unknown
Small car,0.139306449,0.140798534,0.101498858,,,0.054022993,0.048228286,0.140368858
Medium car,0.167156449,0.178188534,0.109038436,0.156604197,0.176070597,0.085007334,0.052666349,0.172458436
Large car,0.208586449,0.272238534,0.1524358,0.238454197,0.269140597,0.101584383,0.057974412,0.2261158
Unknown,0.169826449,0.163908534,0.118978588,0.175044197,0.197040597,0.093916412,0.054796442,0.166638588
