CO2e kg/km per passenger,
Foot passenger,0.0187108139597315
Car passenger,0.129328875436242
Average (all passenger),0.112698080805369
