kg CO2e/km,
Small,0.083185187
Medium,0.101078357
Large,0.132519157
Unknown,0.113674264
