kg CO2e/km,
Unknown,0.11367426442953
Small,0.0831851865771812
Medium,0.10107835704698
Large,0.13251915704698
