kg CO2e/km,
Small,0.0831851865771812
Medium,0.10107835704698
Large,0.13251915704698