CO2e kg/km per passenger,
National rail,0.0354629637583893
Light rail and tram,0.028603267114094
London Underground,0.027802067114094